{
    "Westchester United U18": {
        "goals_for": 1.0,
        "goals_against": 3.25
    },
    "I\u011fd\u0131r FK": {
        "goals_for": 1.5,
        "goals_against": 0.868421052631579
    },
    "Dynamo Kyiv U19": {
        "goals_for": 3.466666666666667,
        "goals_against": 0.4
    },
    "Obolon' Kyiv U19": {
        "goals_for": 1.3,
        "goals_against": 1.5666666666666667
    },
    "Difai A\u011fsu": {
        "goals_for": 1.3333333333333333,
        "goals_against": 1.9259259259259258
    },
    "Baku Sportinq": {
        "goals_for": 0.7777777777777778,
        "goals_against": 1.5925925925925926
    },
    "Olmaliq": {
        "goals_for": 1.5384615384615385,
        "goals_against": 1.1153846153846154
    },
    "Sogdiana": {
        "goals_for": 1.5769230769230769,
        "goals_against": 1.1153846153846154
    },
    "Shooting Stars": {
        "goals_for": 1.263157894736842,
        "goals_against": 0.8947368421052632
    },
    "Rivers United": {
        "goals_for": 1.3421052631578947,
        "goals_against": 1.105263157894737
    },
    "Gonio": {
        "goals_for": 2.7,
        "goals_against": 1.2
    },
    "Samgurali": {
        "goals_for": 1.4166666666666667,
        "goals_against": 1.3611111111111112
    },
    "Dinamo Batumi": {
        "goals_for": 1.1666666666666667,
        "goals_against": 1.1388888888888888
    },
    "Dinamo Samarqand": {
        "goals_for": 1.3461538461538463,
        "goals_against": 1.4615384615384615
    },
    "Nasaf": {
        "goals_for": 1.3461538461538463,
        "goals_against": 0.6923076923076923
    }
}